danceability,energy,key,loudness,mode,speechiness,acousticness,instrumentalness,liveness,valence,tempo,type,id,uri,track_href,analysis_url,duration_ms,time_signature,name,title
0.317,0.512,6,-9.92,1,0.0363,0.0785,0.543,0.129,0.203,79.995,audio_features,2wuE0xt20E6cB4PAXOmE5v,spotify:track:2wuE0xt20E6cB4PAXOmE5v,https://api.spotify.com/v1/tracks/2wuE0xt20E6cB4PAXOmE5v,https://api.spotify.com/v1/audio-analysis/2wuE0xt20E6cB4PAXOmE5v,120120,3,,
0.609,0.232,6,-11.989,1,0.0272,0.417,0.0187,0.107,0.27,79.821,audio_features,5tuBenbZ1Or9xENTyOKoGC,spotify:track:5tuBenbZ1Or9xENTyOKoGC,https://api.spotify.com/v1/tracks/5tuBenbZ1Or9xENTyOKoGC,https://api.spotify.com/v1/audio-analysis/5tuBenbZ1Or9xENTyOKoGC,226507,3,,
0.697,0.336,9,-10.395,1,0.0424,0.598,0.00528,0.107,0.31,82.029,audio_features,2TktkzfozZifbQhXjT6I33,spotify:track:2TktkzfozZifbQhXjT6I33,https://api.spotify.com/v1/tracks/2TktkzfozZifbQhXjT6I33,https://api.spotify.com/v1/audio-analysis/2TktkzfozZifbQhXjT6I33,216680,3,,
0.327,0.452,9,-9.726,1,0.0277,0.344,0.00332,0.11,0.202,132.427,audio_features,4qG7hWhljsqqENL5PaLA2z,spotify:track:4qG7hWhljsqqENL5PaLA2z,https://api.spotify.com/v1/tracks/4qG7hWhljsqqENL5PaLA2z,https://api.spotify.com/v1/audio-analysis/4qG7hWhljsqqENL5PaLA2z,278126,4,,
0.464,0.299,5,-11.424,1,0.0275,0.105,0.261,0.0911,0.116,95.548,audio_features,0uphGVj1uIticJK6gb2WnO,spotify:track:0uphGVj1uIticJK6gb2WnO,https://api.spotify.com/v1/tracks/0uphGVj1uIticJK6gb2WnO,https://api.spotify.com/v1/audio-analysis/0uphGVj1uIticJK6gb2WnO,201120,3,,
0.55,0.548,7,-7.873,0,0.0247,0.154,0.0776,0.102,0.412,111.454,audio_features,6TPTnROcnJQXuAyRDw2qfu,spotify:track:6TPTnROcnJQXuAyRDw2qfu,https://api.spotify.com/v1/tracks/6TPTnROcnJQXuAyRDw2qfu,https://api.spotify.com/v1/audio-analysis/6TPTnROcnJQXuAyRDw2qfu,244307,4,,
0.538,0.304,9,-11.79,1,0.0352,0.613,0.000631,0.164,0.065,78.997,audio_features,4qUtC2BwFC154Ha8YQRrkk,spotify:track:4qUtC2BwFC154Ha8YQRrkk,https://api.spotify.com/v1/tracks/4qUtC2BwFC154Ha8YQRrkk,https://api.spotify.com/v1/audio-analysis/4qUtC2BwFC154Ha8YQRrkk,228071,3,,
0.74,0.072,3,-17.984,1,0.0713,0.981,0.00698,0.111,0.297,139.081,audio_features,2QzKAF0y1BQhxwg8N05Uog,spotify:track:2QzKAF0y1BQhxwg8N05Uog,https://api.spotify.com/v1/tracks/2QzKAF0y1BQhxwg8N05Uog,https://api.spotify.com/v1/audio-analysis/2QzKAF0y1BQhxwg8N05Uog,143080,4,,
0.678,0.64,9,-7.486,1,0.0268,0.283,0.00067,0.682,0.701,90.058,audio_features,3SeDS5sSoWnwAZvVgkdKzf,spotify:track:3SeDS5sSoWnwAZvVgkdKzf,https://api.spotify.com/v1/tracks/3SeDS5sSoWnwAZvVgkdKzf,https://api.spotify.com/v1/audio-analysis/3SeDS5sSoWnwAZvVgkdKzf,155500,4,,
0.662,0.478,9,-8.631,1,0.0451,0.252,0.833,0.216,0.43,139.98,audio_features,2fhOljbX79loRcdl47SFye,spotify:track:2fhOljbX79loRcdl47SFye,https://api.spotify.com/v1/tracks/2fhOljbX79loRcdl47SFye,https://api.spotify.com/v1/audio-analysis/2fhOljbX79loRcdl47SFye,422613,4,,
0.641,0.365,7,-11.765,1,0.027,0.434,8.49E-06,0.297,0.343,134.874,audio_features,3vjs2MDHoF9xhylNg6Y9un,spotify:track:3vjs2MDHoF9xhylNg6Y9un,https://api.spotify.com/v1/tracks/3vjs2MDHoF9xhylNg6Y9un,https://api.spotify.com/v1/audio-analysis/3vjs2MDHoF9xhylNg6Y9un,272157,4,,
0.58,0.69,0,-9.52,1,0.0267,0.568,0.0221,0.226,0.922,89.981,audio_features,7JEzAlwHhCD2M1cYE6BeqJ,spotify:track:7JEzAlwHhCD2M1cYE6BeqJ,https://api.spotify.com/v1/tracks/7JEzAlwHhCD2M1cYE6BeqJ,https://api.spotify.com/v1/audio-analysis/7JEzAlwHhCD2M1cYE6BeqJ,227000,4,,
0.783,0.303,4,-14.393,1,0.0527,0.811,0.945,0.109,0.65,138.816,audio_features,6Ijmj8Z0L31hCp5pLZnT5U,spotify:track:6Ijmj8Z0L31hCp5pLZnT5U,https://api.spotify.com/v1/tracks/6Ijmj8Z0L31hCp5pLZnT5U,https://api.spotify.com/v1/audio-analysis/6Ijmj8Z0L31hCp5pLZnT5U,219340,4,,
0.602,0.59,0,-6.346,0,0.0279,0.318,0.000166,0.104,0.381,130.08,audio_features,7iqQz931tn59mK6IZ3knRx,spotify:track:7iqQz931tn59mK6IZ3knRx,https://api.spotify.com/v1/tracks/7iqQz931tn59mK6IZ3knRx,https://api.spotify.com/v1/audio-analysis/7iqQz931tn59mK6IZ3knRx,274293,4,,
0.708,0.323,9,-11.199,0,0.03,0.765,0.52,0.0939,0.502,141.013,audio_features,0v8J17a6cO0wWp7z731GTd,spotify:track:0v8J17a6cO0wWp7z731GTd,https://api.spotify.com/v1/tracks/0v8J17a6cO0wWp7z731GTd,https://api.spotify.com/v1/audio-analysis/0v8J17a6cO0wWp7z731GTd,241067,4,,
0.501,0.547,1,-7.961,0,0.0243,0.225,0.912,0.288,0.225,87.692,audio_features,72cGBEqu7RitIOoACXYjfR,spotify:track:72cGBEqu7RitIOoACXYjfR,https://api.spotify.com/v1/tracks/72cGBEqu7RitIOoACXYjfR,https://api.spotify.com/v1/audio-analysis/72cGBEqu7RitIOoACXYjfR,227760,4,,
0.873,0.252,2,-13.884,1,0.0425,0.766,0.00661,0.0978,0.599,133.983,audio_features,3oUn55qKRZ1JFzfQNbJjS1,spotify:track:3oUn55qKRZ1JFzfQNbJjS1,https://api.spotify.com/v1/tracks/3oUn55qKRZ1JFzfQNbJjS1,https://api.spotify.com/v1/audio-analysis/3oUn55qKRZ1JFzfQNbJjS1,136888,4,,
0.551,0.529,5,-10.469,0,0.0517,0.296,0.0093,0.178,0.521,75.515,audio_features,2R4AlwtrrkMaRKojcTIzmL,spotify:track:2R4AlwtrrkMaRKojcTIzmL,https://api.spotify.com/v1/tracks/2R4AlwtrrkMaRKojcTIzmL,https://api.spotify.com/v1/audio-analysis/2R4AlwtrrkMaRKojcTIzmL,182307,4,,
0.713,0.443,11,-11.704,0,0.0538,0.656,0.799,0.111,0.848,76.79,audio_features,2JKtCvtxP47fOMYi0BjMoY,spotify:track:2JKtCvtxP47fOMYi0BjMoY,https://api.spotify.com/v1/tracks/2JKtCvtxP47fOMYi0BjMoY,https://api.spotify.com/v1/audio-analysis/2JKtCvtxP47fOMYi0BjMoY,188301,4,,
0.201,0.888,9,-5.491,0,0.0707,0.00267,0.0981,0.291,0.329,78.977,audio_features,0gTRROuntlrPQ64W3J2Etv,spotify:track:0gTRROuntlrPQ64W3J2Etv,https://api.spotify.com/v1/tracks/0gTRROuntlrPQ64W3J2Etv,https://api.spotify.com/v1/audio-analysis/0gTRROuntlrPQ64W3J2Etv,230627,4,,
0.49,0.652,2,-5.813,1,0.0274,0.00196,6.24E-05,0.0991,0.339,90.085,audio_features,37pKTyMwalomKCZjxTc2QZ,spotify:track:37pKTyMwalomKCZjxTc2QZ,https://api.spotify.com/v1/tracks/37pKTyMwalomKCZjxTc2QZ,https://api.spotify.com/v1/audio-analysis/37pKTyMwalomKCZjxTc2QZ,192467,4,,
0.526,0.749,3,-6.964,1,0.0283,0.023,1.76E-06,0.0692,0.421,99.982,audio_features,754kgU5rWscRTfvlsuEwFp,spotify:track:754kgU5rWscRTfvlsuEwFp,https://api.spotify.com/v1/tracks/754kgU5rWscRTfvlsuEwFp,https://api.spotify.com/v1/audio-analysis/754kgU5rWscRTfvlsuEwFp,208680,4,,
0.255,0.393,5,-10.654,1,0.0278,0.0577,0.00361,0.113,0.118,76.426,audio_features,10nyNJ6zNy2YVYLrcwLccB,spotify:track:10nyNJ6zNy2YVYLrcwLccB,https://api.spotify.com/v1/tracks/10nyNJ6zNy2YVYLrcwLccB,https://api.spotify.com/v1/audio-analysis/10nyNJ6zNy2YVYLrcwLccB,229120,4,,
0.518,0.487,4,-11.032,1,0.032,0.376,1.21E-06,0.0985,0.821,202.695,audio_features,0T0fkqReu2aO2H0VPUPWTo,spotify:track:0T0fkqReu2aO2H0VPUPWTo,https://api.spotify.com/v1/tracks/0T0fkqReu2aO2H0VPUPWTo,https://api.spotify.com/v1/audio-analysis/0T0fkqReu2aO2H0VPUPWTo,152360,4,,
0.48,0.482,7,-11.45,0,0.0362,0.25,0.000289,0.345,0.684,128.16,audio_features,0bhwnn2xqnBUcMZDcXNuII,spotify:track:0bhwnn2xqnBUcMZDcXNuII,https://api.spotify.com/v1/tracks/0bhwnn2xqnBUcMZDcXNuII,https://api.spotify.com/v1/audio-analysis/0bhwnn2xqnBUcMZDcXNuII,144000,4,,
0.523,0.769,4,-5.855,1,0.0269,0.04,0,0.136,0.876,136.162,audio_features,0WQiDwKJclirSYG9v5tayI,spotify:track:0WQiDwKJclirSYG9v5tayI,https://api.spotify.com/v1/tracks/0WQiDwKJclirSYG9v5tayI,https://api.spotify.com/v1/audio-analysis/0WQiDwKJclirSYG9v5tayI,244587,4,,
0.704,0.636,9,-6.029,1,0.0252,0.0344,0,0.35,0.89,111.845,audio_features,7aQjPecQdIuNd1sz3KCDhD,spotify:track:7aQjPecQdIuNd1sz3KCDhD,https://api.spotify.com/v1/tracks/7aQjPecQdIuNd1sz3KCDhD,https://api.spotify.com/v1/audio-analysis/7aQjPecQdIuNd1sz3KCDhD,193953,4,,
0.559,0.871,5,-5.338,0,0.0397,7.53E-06,0.00545,0.096,0.572,104.97,audio_features,6dBUzqjtbnIa1TwYbyw5CM,spotify:track:6dBUzqjtbnIa1TwYbyw5CM,https://api.spotify.com/v1/tracks/6dBUzqjtbnIa1TwYbyw5CM,https://api.spotify.com/v1/audio-analysis/6dBUzqjtbnIa1TwYbyw5CM,213920,4,,
0.241,0.468,2,-9.579,1,0.0272,0.534,0,0.161,0.451,91.581,audio_features,6BrMEbPSSj55nQhkgf6DnE,spotify:track:6BrMEbPSSj55nQhkgf6DnE,https://api.spotify.com/v1/tracks/6BrMEbPSSj55nQhkgf6DnE,https://api.spotify.com/v1/audio-analysis/6BrMEbPSSj55nQhkgf6DnE,112707,3,,
0.623,0.739,7,-8.116,1,0.0244,0.338,1.88E-05,0.109,0.642,95.007,audio_features,5lwQGZYF4BXOzFtXc5zk8q,spotify:track:5lwQGZYF4BXOzFtXc5zk8q,https://api.spotify.com/v1/tracks/5lwQGZYF4BXOzFtXc5zk8q,https://api.spotify.com/v1/audio-analysis/5lwQGZYF4BXOzFtXc5zk8q,257316,4,,
0.626,0.488,2,-7.805,1,0.0253,0.0102,0.000188,0.141,0.404,104.13,audio_features,6LUGvXEAK8WxIBYK43uoTb,spotify:track:6LUGvXEAK8WxIBYK43uoTb,https://api.spotify.com/v1/tracks/6LUGvXEAK8WxIBYK43uoTb,https://api.spotify.com/v1/audio-analysis/6LUGvXEAK8WxIBYK43uoTb,186627,3,,
0.574,0.469,2,-11.53,1,0.0403,0.733,1.96E-06,0.856,0.435,111.378,audio_features,5URfZHMlUWTWxPvvSBWcPk,spotify:track:5URfZHMlUWTWxPvvSBWcPk,https://api.spotify.com/v1/tracks/5URfZHMlUWTWxPvvSBWcPk,https://api.spotify.com/v1/audio-analysis/5URfZHMlUWTWxPvvSBWcPk,245693,4,,
0.515,0.43,7,-9.935,1,0.0372,0.0097,0.000133,0.129,0.104,91.844,audio_features,70LcF31zb1H0PyJoS1Sx1r,spotify:track:70LcF31zb1H0PyJoS1Sx1r,https://api.spotify.com/v1/tracks/70LcF31zb1H0PyJoS1Sx1r,https://api.spotify.com/v1/audio-analysis/70LcF31zb1H0PyJoS1Sx1r,238640,4,,
0.329,0.565,0,-13.103,1,0.0335,0.0614,1.97E-05,0.126,0.166,108.877,audio_features,4zEvxRDaKDoFlHxK7Hy0wg,spotify:track:4zEvxRDaKDoFlHxK7Hy0wg,https://api.spotify.com/v1/tracks/4zEvxRDaKDoFlHxK7Hy0wg,https://api.spotify.com/v1/audio-analysis/4zEvxRDaKDoFlHxK7Hy0wg,211067,4,,
0.439,0.434,7,-14.918,1,0.0265,0.0783,4.87E-05,0.14,0.204,94.845,audio_features,0gEyKnHvgkrkBM6fbeHdwK,spotify:track:0gEyKnHvgkrkBM6fbeHdwK,https://api.spotify.com/v1/tracks/0gEyKnHvgkrkBM6fbeHdwK,https://api.spotify.com/v1/audio-analysis/0gEyKnHvgkrkBM6fbeHdwK,274707,4,,
0.593,0.749,5,-5.67,1,0.0475,0.0113,0.106,0.314,0.649,164.959,audio_features,5ruzrDWcT0vuJIOMW7gMnW,spotify:track:5ruzrDWcT0vuJIOMW7gMnW,https://api.spotify.com/v1/tracks/5ruzrDWcT0vuJIOMW7gMnW,https://api.spotify.com/v1/audio-analysis/5ruzrDWcT0vuJIOMW7gMnW,309053,4,,
0.751,0.72,4,-6.376,1,0.0303,0.554,0.0497,0.258,0.884,135.73,audio_features,39sDitIeCMrVX2QyXHY46t,spotify:track:39sDitIeCMrVX2QyXHY46t,https://api.spotify.com/v1/tracks/39sDitIeCMrVX2QyXHY46t,https://api.spotify.com/v1/audio-analysis/39sDitIeCMrVX2QyXHY46t,217000,4,,
0.407,0.424,0,-10.583,1,0.0318,0.0847,0,0.234,0.404,113.311,audio_features,3M2bD9SMYnJIPdrTKUnBd3,spotify:track:3M2bD9SMYnJIPdrTKUnBd3,https://api.spotify.com/v1/tracks/3M2bD9SMYnJIPdrTKUnBd3,https://api.spotify.com/v1/audio-analysis/3M2bD9SMYnJIPdrTKUnBd3,349187,3,,
0.445,0.543,0,-8.196,1,0.0272,0.000825,0.0137,0.202,0.102,99.963,audio_features,3sslYZcFKtUvIEWN9lADgr,spotify:track:3sslYZcFKtUvIEWN9lADgr,https://api.spotify.com/v1/tracks/3sslYZcFKtUvIEWN9lADgr,https://api.spotify.com/v1/audio-analysis/3sslYZcFKtUvIEWN9lADgr,278640,4,,
0.387,0.595,2,-5.67,1,0.0389,0.361,1.10E-05,0.174,0.151,119.38,audio_features,6Jv7kjGkhY2fT4yuBF3aTz,spotify:track:6Jv7kjGkhY2fT4yuBF3aTz,https://api.spotify.com/v1/tracks/6Jv7kjGkhY2fT4yuBF3aTz,https://api.spotify.com/v1/audio-analysis/6Jv7kjGkhY2fT4yuBF3aTz,404213,3,,
0.36,0.501,7,-9.129,1,0.0258,0.0638,9.32E-05,0.172,0.324,74.807,audio_features,63OQupATfueTdZMWTxW03A,spotify:track:63OQupATfueTdZMWTxW03A,https://api.spotify.com/v1/tracks/63OQupATfueTdZMWTxW03A,https://api.spotify.com/v1/audio-analysis/63OQupATfueTdZMWTxW03A,264067,4,,
0.274,0.217,5,-13.814,1,0.0345,0.767,0.896,0.0832,0.181,116.334,audio_features,2TjdnqlpwOjhijHCwHCP2d,spotify:track:2TjdnqlpwOjhijHCwHCP2d,https://api.spotify.com/v1/tracks/2TjdnqlpwOjhijHCwHCP2d,https://api.spotify.com/v1/audio-analysis/2TjdnqlpwOjhijHCwHCP2d,283872,4,,
0.419,0.383,4,-11.782,1,0.0256,0.0724,0.0176,0.0896,0.35,87.568,audio_features,2a1iMaoWQ5MnvLFBDv4qkf,spotify:track:2a1iMaoWQ5MnvLFBDv4qkf,https://api.spotify.com/v1/tracks/2a1iMaoWQ5MnvLFBDv4qkf,https://api.spotify.com/v1/audio-analysis/2a1iMaoWQ5MnvLFBDv4qkf,257480,4,,
0.462,0.832,11,-6.085,0,0.0479,0.108,0.00416,0.0741,0.807,165.653,audio_features,0YJ9FWWHn9EfnN0lHwbzvV,spotify:track:0YJ9FWWHn9EfnN0lHwbzvV,https://api.spotify.com/v1/tracks/0YJ9FWWHn9EfnN0lHwbzvV,https://api.spotify.com/v1/audio-analysis/0YJ9FWWHn9EfnN0lHwbzvV,248893,4,,
0.331,0.471,2,-5.631,1,0.0299,0.00644,0,0.0653,0.142,90.057,audio_features,6ZaiqbV2GfUtrUlhsu58fN,spotify:track:6ZaiqbV2GfUtrUlhsu58fN,https://api.spotify.com/v1/tracks/6ZaiqbV2GfUtrUlhsu58fN,https://api.spotify.com/v1/audio-analysis/6ZaiqbV2GfUtrUlhsu58fN,230186,4,,
0.535,0.448,2,-9.167,1,0.0279,0.00262,1.94E-05,0.115,0.32,101.986,audio_features,5411TEB6tlzvuF5A4oyldr,spotify:track:5411TEB6tlzvuF5A4oyldr,https://api.spotify.com/v1/tracks/5411TEB6tlzvuF5A4oyldr,https://api.spotify.com/v1/audio-analysis/5411TEB6tlzvuF5A4oyldr,149680,4,,
0.398,0.493,9,-9.561,1,0.0303,0.00347,0.000157,0.106,0.412,82.048,audio_features,2Co0IjcLTSHMtodwD4gzfg,spotify:track:2Co0IjcLTSHMtodwD4gzfg,https://api.spotify.com/v1/tracks/2Co0IjcLTSHMtodwD4gzfg,https://api.spotify.com/v1/audio-analysis/2Co0IjcLTSHMtodwD4gzfg,170240,4,,
0.67,0.905,1,-6.855,1,0.129,0.669,0.000227,0.349,0.563,104.965,audio_features,3IznIgmXtrUaoPWpQTy5jB,spotify:track:3IznIgmXtrUaoPWpQTy5jB,https://api.spotify.com/v1/tracks/3IznIgmXtrUaoPWpQTy5jB,https://api.spotify.com/v1/audio-analysis/3IznIgmXtrUaoPWpQTy5jB,167864,4,,
0.625,0.659,0,-5.669,1,0.0337,0.12,0,0.17,0.594,113.551,audio_features,6QeYSvYqYUsfBzsApbjDHO,spotify:track:6QeYSvYqYUsfBzsApbjDHO,https://api.spotify.com/v1/tracks/6QeYSvYqYUsfBzsApbjDHO,https://api.spotify.com/v1/audio-analysis/6QeYSvYqYUsfBzsApbjDHO,198961,4,,
0.295,0.637,8,-4.043,1,0.0288,0.0496,0.0236,0.112,0.221,84.551,audio_features,7fd3aMiuwHWKsTdZafjOfZ,spotify:track:7fd3aMiuwHWKsTdZafjOfZ,https://api.spotify.com/v1/tracks/7fd3aMiuwHWKsTdZafjOfZ,https://api.spotify.com/v1/audio-analysis/7fd3aMiuwHWKsTdZafjOfZ,156146,4,,
0.497,0.638,1,-5.31,1,0.0274,0.0467,0,0.385,0.77,172.01,audio_features,3pANfZVFdtuVnJsE6xa5Ox,spotify:track:3pANfZVFdtuVnJsE6xa5Ox,https://api.spotify.com/v1/tracks/3pANfZVFdtuVnJsE6xa5Ox,https://api.spotify.com/v1/audio-analysis/3pANfZVFdtuVnJsE6xa5Ox,137142,4,,
0.727,0.919,0,-4.562,1,0.0285,0.165,0.0111,0.306,0.92,115.816,audio_features,263KsGZODTZouh3RFGNaLX,spotify:track:263KsGZODTZouh3RFGNaLX,https://api.spotify.com/v1/tracks/263KsGZODTZouh3RFGNaLX,https://api.spotify.com/v1/audio-analysis/263KsGZODTZouh3RFGNaLX,194453,4,,
0.604,0.573,2,-7.804,1,0.037,0.289,0.0406,0.133,0.581,107.862,audio_features,4vsoWZcvtvSsE0OiVvDDvX,spotify:track:4vsoWZcvtvSsE0OiVvDDvX,https://api.spotify.com/v1/tracks/4vsoWZcvtvSsE0OiVvDDvX,https://api.spotify.com/v1/audio-analysis/4vsoWZcvtvSsE0OiVvDDvX,206947,4,,
0.339,0.292,3,-11.294,1,0.0348,0.514,0,0.0713,0.0655,131.702,audio_features,7FHj19QQigvMH1onMYRNLn,spotify:track:7FHj19QQigvMH1onMYRNLn,https://api.spotify.com/v1/tracks/7FHj19QQigvMH1onMYRNLn,https://api.spotify.com/v1/audio-analysis/7FHj19QQigvMH1onMYRNLn,183792,3,,
0.828,0.66,6,-9.669,1,0.0337,0.508,0.403,0.0755,0.904,113.45,audio_features,3pyyGVqWvRMq43qtJBzxe0,spotify:track:3pyyGVqWvRMq43qtJBzxe0,https://api.spotify.com/v1/tracks/3pyyGVqWvRMq43qtJBzxe0,https://api.spotify.com/v1/audio-analysis/3pyyGVqWvRMq43qtJBzxe0,269143,4,,
0.33,0.532,2,-11.764,1,0.0263,0.00101,0.709,0.101,0.218,93.512,audio_features,0oxYB9GoOIDrdzniNdKC44,spotify:track:0oxYB9GoOIDrdzniNdKC44,https://api.spotify.com/v1/tracks/0oxYB9GoOIDrdzniNdKC44,https://api.spotify.com/v1/audio-analysis/0oxYB9GoOIDrdzniNdKC44,285907,4,,
0.544,0.241,4,-14.779,0,0.03,0.983,0.774,0.101,0.359,109.437,audio_features,3Y4rUyw7XBCK6hGHCOt6rp,spotify:track:3Y4rUyw7XBCK6hGHCOt6rp,https://api.spotify.com/v1/tracks/3Y4rUyw7XBCK6hGHCOt6rp,https://api.spotify.com/v1/audio-analysis/3Y4rUyw7XBCK6hGHCOt6rp,204773,4,,
0.776,0.626,6,-12.561,1,0.0396,0.622,0.899,0.086,0.866,122.072,audio_features,7sIx70dGj3VBiHWr0KZXfD,spotify:track:7sIx70dGj3VBiHWr0KZXfD,https://api.spotify.com/v1/tracks/7sIx70dGj3VBiHWr0KZXfD,https://api.spotify.com/v1/audio-analysis/7sIx70dGj3VBiHWr0KZXfD,194733,4,,
0.174,0.742,8,-5.93,1,0.0485,0.00181,0.281,0.198,0.36,163.378,audio_features,2enPRFda84VE2wtI8c86Uf,spotify:track:2enPRFda84VE2wtI8c86Uf,https://api.spotify.com/v1/tracks/2enPRFda84VE2wtI8c86Uf,https://api.spotify.com/v1/audio-analysis/2enPRFda84VE2wtI8c86Uf,223747,4,,
0.553,0.465,9,-9.664,1,0.0301,0.84,0.97,0.102,0.652,79.223,audio_features,6WlmEymaXKMRs3D2c4j6os,spotify:track:6WlmEymaXKMRs3D2c4j6os,https://api.spotify.com/v1/tracks/6WlmEymaXKMRs3D2c4j6os,https://api.spotify.com/v1/audio-analysis/6WlmEymaXKMRs3D2c4j6os,141040,4,,
0.255,0.468,7,-6.43,0,0.0317,0.822,0.248,0.339,0.175,111.67,audio_features,1KuVEZR4xuQVNr1KkanAV4,spotify:track:1KuVEZR4xuQVNr1KkanAV4,https://api.spotify.com/v1/tracks/1KuVEZR4xuQVNr1KkanAV4,https://api.spotify.com/v1/audio-analysis/1KuVEZR4xuQVNr1KkanAV4,181960,4,,
0.625,0.949,4,-4.714,0,0.0561,0.00456,0.00506,0.645,0.496,100.639,audio_features,5ExWCOYjZbMEZCIdlfH2dO,spotify:track:5ExWCOYjZbMEZCIdlfH2dO,https://api.spotify.com/v1/tracks/5ExWCOYjZbMEZCIdlfH2dO,https://api.spotify.com/v1/audio-analysis/5ExWCOYjZbMEZCIdlfH2dO,243727,4,,
0.613,0.822,9,-4.087,1,0.026,0.0092,0.506,0.429,0.567,105.997,audio_features,3jjsRKEsF42ccXf8kWR3nu,spotify:track:3jjsRKEsF42ccXf8kWR3nu,https://api.spotify.com/v1/tracks/3jjsRKEsF42ccXf8kWR3nu,https://api.spotify.com/v1/audio-analysis/3jjsRKEsF42ccXf8kWR3nu,128199,4,,
0.424,0.342,7,-9.469,0,0.0339,0.838,0,0.136,0.124,76.235,audio_features,3XCveEutwTaDiekRkkfdp9,spotify:track:3XCveEutwTaDiekRkkfdp9,https://api.spotify.com/v1/tracks/3XCveEutwTaDiekRkkfdp9,https://api.spotify.com/v1/audio-analysis/3XCveEutwTaDiekRkkfdp9,169773,4,,
0.901,0.136,8,-16.127,0,0.102,0.667,0.354,0.109,0.643,150.076,audio_features,7EAMXbLcL0qXmciM5SwMh2,spotify:track:7EAMXbLcL0qXmciM5SwMh2,https://api.spotify.com/v1/tracks/7EAMXbLcL0qXmciM5SwMh2,https://api.spotify.com/v1/audio-analysis/7EAMXbLcL0qXmciM5SwMh2,211140,4,,
0.73,0.355,10,-9.13,0,0.0359,0.154,0.00155,0.117,0.56,142.143,audio_features,5WbfFTuIldjL9x7W6y5l7R,spotify:track:5WbfFTuIldjL9x7W6y5l7R,https://api.spotify.com/v1/tracks/5WbfFTuIldjL9x7W6y5l7R,https://api.spotify.com/v1/audio-analysis/5WbfFTuIldjL9x7W6y5l7R,202653,4,,
0.648,0.781,9,-8.736,0,0.0271,0.0332,0.013,0.305,0.822,133.417,audio_features,6RiiSy9GzSwiyDEJDiMuKe,spotify:track:6RiiSy9GzSwiyDEJDiMuKe,https://api.spotify.com/v1/tracks/6RiiSy9GzSwiyDEJDiMuKe,https://api.spotify.com/v1/audio-analysis/6RiiSy9GzSwiyDEJDiMuKe,153313,4,,
0.354,0.394,2,-11.567,1,0.0534,0.135,0.0432,0.131,0.17,160.555,audio_features,7Bj4wIqRzM6vx278EFYoBh,spotify:track:7Bj4wIqRzM6vx278EFYoBh,https://api.spotify.com/v1/tracks/7Bj4wIqRzM6vx278EFYoBh,https://api.spotify.com/v1/audio-analysis/7Bj4wIqRzM6vx278EFYoBh,248267,3,,
0.643,0.891,9,-4.404,1,0.0322,0.642,0.085,0.119,0.886,95.813,audio_features,7ijyGfG4NxMBobHgvu4lIM,spotify:track:7ijyGfG4NxMBobHgvu4lIM,https://api.spotify.com/v1/tracks/7ijyGfG4NxMBobHgvu4lIM,https://api.spotify.com/v1/audio-analysis/7ijyGfG4NxMBobHgvu4lIM,213760,4,,
0.605,0.942,7,-4.549,1,0.0655,0.016,0,0.137,0.8,106.562,audio_features,21LkHnuxPxVrOZ5gCaG7aM,spotify:track:21LkHnuxPxVrOZ5gCaG7aM,https://api.spotify.com/v1/tracks/21LkHnuxPxVrOZ5gCaG7aM,https://api.spotify.com/v1/audio-analysis/21LkHnuxPxVrOZ5gCaG7aM,209347,4,,
0.716,0.515,1,-9.073,1,0.0261,0.00116,0.000249,0.326,0.315,117.039,audio_features,3cxZT78mZDyLsLPJKcTu3U,spotify:track:3cxZT78mZDyLsLPJKcTu3U,https://api.spotify.com/v1/tracks/3cxZT78mZDyLsLPJKcTu3U,https://api.spotify.com/v1/audio-analysis/3cxZT78mZDyLsLPJKcTu3U,153320,4,,
0.612,0.514,7,-7.659,0,0.0243,0.349,0.00104,0.109,0.241,75.742,audio_features,6Sb49DdwbBrVEEtG8OGpGT,spotify:track:6Sb49DdwbBrVEEtG8OGpGT,https://api.spotify.com/v1/tracks/6Sb49DdwbBrVEEtG8OGpGT,https://api.spotify.com/v1/audio-analysis/6Sb49DdwbBrVEEtG8OGpGT,246778,4,,
0.405,0.479,5,-9.396,1,0.0301,0.0527,0.795,0.0974,0.131,75.37,audio_features,0SpkyS1Q4MD8GaVcP5YjT4,spotify:track:0SpkyS1Q4MD8GaVcP5YjT4,https://api.spotify.com/v1/tracks/0SpkyS1Q4MD8GaVcP5YjT4,https://api.spotify.com/v1/audio-analysis/0SpkyS1Q4MD8GaVcP5YjT4,215150,4,,
0.62,0.594,9,-16.066,1,0.0383,0.887,0.5,0.0917,0.698,165.861,audio_features,6HJxxqHWMdidwTVZmZWeHU,spotify:track:6HJxxqHWMdidwTVZmZWeHU,https://api.spotify.com/v1/tracks/6HJxxqHWMdidwTVZmZWeHU,https://api.spotify.com/v1/audio-analysis/6HJxxqHWMdidwTVZmZWeHU,167987,4,,
0.421,0.394,11,-8.312,1,0.0277,0.863,4.74E-06,0.0984,0.399,96.192,audio_features,0EF1EE8zusg3Y869e56JFd,spotify:track:0EF1EE8zusg3Y869e56JFd,https://api.spotify.com/v1/tracks/0EF1EE8zusg3Y869e56JFd,https://api.spotify.com/v1/audio-analysis/0EF1EE8zusg3Y869e56JFd,211000,3,,
0.362,0.518,1,-7.687,1,0.306,0.223,0.00314,0.316,0.348,89.667,audio_features,1IgePMOW0qEe1AViWgkal9,spotify:track:1IgePMOW0qEe1AViWgkal9,https://api.spotify.com/v1/tracks/1IgePMOW0qEe1AViWgkal9,https://api.spotify.com/v1/audio-analysis/1IgePMOW0qEe1AViWgkal9,245947,4,,
0.659,0.678,0,-8.18,1,0.0313,0.157,6.69E-06,0.0784,0.647,106.186,audio_features,2DnJjbjNTV9Nd5NOa1KGba,spotify:track:2DnJjbjNTV9Nd5NOa1KGba,https://api.spotify.com/v1/tracks/2DnJjbjNTV9Nd5NOa1KGba,https://api.spotify.com/v1/audio-analysis/2DnJjbjNTV9Nd5NOa1KGba,258411,4,,
0.42,0.33,9,-13.925,1,0.0275,0.245,0.000679,0.0677,0.175,157.143,audio_features,1LzNfuep1bnAUR9skqdHCK,spotify:track:1LzNfuep1bnAUR9skqdHCK,https://api.spotify.com/v1/tracks/1LzNfuep1bnAUR9skqdHCK,https://api.spotify.com/v1/audio-analysis/1LzNfuep1bnAUR9skqdHCK,295600,3,,
0.215,0.203,5,-12.65,1,0.0346,0.968,0.0585,0.0923,0.143,78.287,audio_features,3RIgHHpnFKj5Rni1shokDj,spotify:track:3RIgHHpnFKj5Rni1shokDj,https://api.spotify.com/v1/tracks/3RIgHHpnFKj5Rni1shokDj,https://api.spotify.com/v1/audio-analysis/3RIgHHpnFKj5Rni1shokDj,248934,1,,
0.415,0.748,4,-5.008,1,0.0481,0.00305,0,0.0903,0.154,120.056,audio_features,4ltqfN12ohaVZdM6C45gMg,spotify:track:4ltqfN12ohaVZdM6C45gMg,https://api.spotify.com/v1/tracks/4ltqfN12ohaVZdM6C45gMg,https://api.spotify.com/v1/audio-analysis/4ltqfN12ohaVZdM6C45gMg,258419,4,,
0.723,0.49,9,-14.745,0,0.0296,0.111,0.0946,0.0923,0.795,129.012,audio_features,05oETzWbd4SI33qK2gbJfR,spotify:track:05oETzWbd4SI33qK2gbJfR,https://api.spotify.com/v1/tracks/05oETzWbd4SI33qK2gbJfR,https://api.spotify.com/v1/audio-analysis/05oETzWbd4SI33qK2gbJfR,252773,4,,
0.709,0.446,0,-9.904,1,0.037,0.716,2.39E-05,0.11,0.843,140.993,audio_features,0IVkP59yJ9GFF6B7IrvrxA,spotify:track:0IVkP59yJ9GFF6B7IrvrxA,https://api.spotify.com/v1/tracks/0IVkP59yJ9GFF6B7IrvrxA,https://api.spotify.com/v1/audio-analysis/0IVkP59yJ9GFF6B7IrvrxA,219267,3,,
0.565,0.564,2,-10.044,1,0.0292,0.161,0,0.114,0.454,134.355,audio_features,0jWgAnTrNZmOGmqgvHhZEm,spotify:track:0jWgAnTrNZmOGmqgvHhZEm,https://api.spotify.com/v1/tracks/0jWgAnTrNZmOGmqgvHhZEm,https://api.spotify.com/v1/audio-analysis/0jWgAnTrNZmOGmqgvHhZEm,295533,4,,
0.533,0.761,7,-10.632,1,0.0298,0.013,0.829,0.207,0.917,122.777,audio_features,4c6vZqYHFur11FbWATIJ9P,spotify:track:4c6vZqYHFur11FbWATIJ9P,https://api.spotify.com/v1/tracks/4c6vZqYHFur11FbWATIJ9P,https://api.spotify.com/v1/audio-analysis/4c6vZqYHFur11FbWATIJ9P,162187,4,,
0.638,0.906,2,-4.824,1,0.0504,0.0662,6.88E-05,0.142,0.767,107.991,audio_features,5lWRaa0fBxDE5yU91npPq7,spotify:track:5lWRaa0fBxDE5yU91npPq7,https://api.spotify.com/v1/tracks/5lWRaa0fBxDE5yU91npPq7,https://api.spotify.com/v1/audio-analysis/5lWRaa0fBxDE5yU91npPq7,209200,4,,
0.664,0.456,10,-13.285,1,0.029,0.342,0.596,0.109,0.813,114.094,audio_features,1ug16caw7uUhOOBeMAdDav,spotify:track:1ug16caw7uUhOOBeMAdDav,https://api.spotify.com/v1/tracks/1ug16caw7uUhOOBeMAdDav,https://api.spotify.com/v1/audio-analysis/1ug16caw7uUhOOBeMAdDav,238040,4,,
0.539,0.821,7,-9.121,1,0.0686,0.00821,6.29E-06,0.149,0.509,129.341,audio_features,0xilxE1XZcQ9wmuQKGSbSn,spotify:track:0xilxE1XZcQ9wmuQKGSbSn,https://api.spotify.com/v1/tracks/0xilxE1XZcQ9wmuQKGSbSn,https://api.spotify.com/v1/audio-analysis/0xilxE1XZcQ9wmuQKGSbSn,219107,4,,
0.548,0.619,6,-12.191,1,0.0294,0.000639,1.81E-06,0.116,0.84,129.011,audio_features,6dIhp2VXmsuoLvqaHzIsQd,spotify:track:6dIhp2VXmsuoLvqaHzIsQd,https://api.spotify.com/v1/tracks/6dIhp2VXmsuoLvqaHzIsQd,https://api.spotify.com/v1/audio-analysis/6dIhp2VXmsuoLvqaHzIsQd,199307,4,,
0.678,0.345,11,-13.052,1,0.0304,0.595,0.00497,0.0841,0.582,118.301,audio_features,1cPLddXCqw6uzyWy6tdtlK,spotify:track:1cPLddXCqw6uzyWy6tdtlK,https://api.spotify.com/v1/tracks/1cPLddXCqw6uzyWy6tdtlK,https://api.spotify.com/v1/audio-analysis/1cPLddXCqw6uzyWy6tdtlK,187507,4,,
0.609,0.759,6,-4.862,1,0.0276,0.028,0,0.183,0.774,114.045,audio_features,1xaTREM89RbIxkcjlpf4Uw,spotify:track:1xaTREM89RbIxkcjlpf4Uw,https://api.spotify.com/v1/tracks/1xaTREM89RbIxkcjlpf4Uw,https://api.spotify.com/v1/audio-analysis/1xaTREM89RbIxkcjlpf4Uw,215760,4,,
0.536,0.854,7,-6.907,1,0.0298,0.0129,0.743,0.156,0.905,122.733,audio_features,0SMkzFGJOBFDI9KfYD55L0,spotify:track:0SMkzFGJOBFDI9KfYD55L0,https://api.spotify.com/v1/tracks/0SMkzFGJOBFDI9KfYD55L0,https://api.spotify.com/v1/audio-analysis/0SMkzFGJOBFDI9KfYD55L0,162160,4,,
0.531,0.252,9,-12.765,1,0.028,0.763,0.000133,0.104,0.159,76.054,audio_features,6OG05bPAwUuV3OMvy2Vy1P,spotify:track:6OG05bPAwUuV3OMvy2Vy1P,https://api.spotify.com/v1/tracks/6OG05bPAwUuV3OMvy2Vy1P,https://api.spotify.com/v1/audio-analysis/6OG05bPAwUuV3OMvy2Vy1P,247150,4,,
0.549,0.26,9,-10.893,1,0.0329,0.485,0,0.226,0.168,99.911,audio_features,04P1ylRDzyxBIl9W0UNWXC,spotify:track:04P1ylRDzyxBIl9W0UNWXC,https://api.spotify.com/v1/tracks/04P1ylRDzyxBIl9W0UNWXC,https://api.spotify.com/v1/audio-analysis/04P1ylRDzyxBIl9W0UNWXC,567907,4,,
0.669,0.663,10,-6.377,0,0.0276,0.129,0.0671,0.0694,0.584,109.995,audio_features,3ISKxnCGKc5B9zr9CTUB3v,spotify:track:3ISKxnCGKc5B9zr9CTUB3v,https://api.spotify.com/v1/tracks/3ISKxnCGKc5B9zr9CTUB3v,https://api.spotify.com/v1/audio-analysis/3ISKxnCGKc5B9zr9CTUB3v,279413,4,,
0.189,0.317,10,-8.631,1,0.028,0.812,0.0719,0.214,0.251,84.809,audio_features,1aWMKK349BWlQYuwJWUlc8,spotify:track:1aWMKK349BWlQYuwJWUlc8,https://api.spotify.com/v1/tracks/1aWMKK349BWlQYuwJWUlc8,https://api.spotify.com/v1/audio-analysis/1aWMKK349BWlQYuwJWUlc8,158654,4,,
0.458,0.535,5,-4.854,0,0.0281,0.575,0,0.168,0.216,82.826,audio_features,1i9lZvlaDdWDPyXEE95aiq,spotify:track:1i9lZvlaDdWDPyXEE95aiq,https://api.spotify.com/v1/tracks/1i9lZvlaDdWDPyXEE95aiq,https://api.spotify.com/v1/audio-analysis/1i9lZvlaDdWDPyXEE95aiq,353755,4,,
0.492,0.921,2,-3.939,1,0.032,0.082,0.0114,0.301,0.679,138.008,audio_features,5xA5MggKc3aQxuOzNzPUWB,spotify:track:5xA5MggKc3aQxuOzNzPUWB,https://api.spotify.com/v1/tracks/5xA5MggKc3aQxuOzNzPUWB,https://api.spotify.com/v1/audio-analysis/5xA5MggKc3aQxuOzNzPUWB,178918,4,,
0.546,0.814,7,-5.146,1,0.0314,0.023,0,0.0972,0.146,104.98,audio_features,3ZffCQKLFLUvYM59XKLbVm,spotify:track:3ZffCQKLFLUvYM59XKLbVm,https://api.spotify.com/v1/tracks/3ZffCQKLFLUvYM59XKLbVm,https://api.spotify.com/v1/audio-analysis/3ZffCQKLFLUvYM59XKLbVm,285653,4,,
0.559,0.543,1,-5.429,1,0.302,0.00133,2.00E-05,0.0577,0.337,75.958,audio_features,1nLnpLXvl68RZCSjfkyiaa,spotify:track:1nLnpLXvl68RZCSjfkyiaa,https://api.spotify.com/v1/tracks/1nLnpLXvl68RZCSjfkyiaa,https://api.spotify.com/v1/audio-analysis/1nLnpLXvl68RZCSjfkyiaa,193000,4,,
0.476,0.869,4,-3.295,1,0.0301,0.0019,0,0.192,0.813,136.083,audio_features,6PvxbkegGnVGxd1NDYS6fZ,spotify:track:6PvxbkegGnVGxd1NDYS6fZ,https://api.spotify.com/v1/tracks/6PvxbkegGnVGxd1NDYS6fZ,https://api.spotify.com/v1/audio-analysis/6PvxbkegGnVGxd1NDYS6fZ,165683,4,,