danceability,energy,key,loudness,mode,speechiness,acousticness,instrumentalness,liveness,valence,tempo,type,id,uri,track_href,analysis_url,duration_ms,time_signature
0.496,0.723,10,-6.625,0,0.0413,0.0254,0.0171,0.218,0.321,130.477,audio_features,6KS5iyM4uDuJ6oAacMSXha,spotify:track:6KS5iyM4uDuJ6oAacMSXha,https://api.spotify.com/v1/tracks/6KS5iyM4uDuJ6oAacMSXha,https://api.spotify.com/v1/audio-analysis/6KS5iyM4uDuJ6oAacMSXha,189440,5
0.758,0.665,2,-5.188,0,0.0774,0.0815,0.000157,0.216,0.643,151.976,audio_features,2hloaUoRonYssMuqLCBLTX,spotify:track:2hloaUoRonYssMuqLCBLTX,https://api.spotify.com/v1/tracks/2hloaUoRonYssMuqLCBLTX,https://api.spotify.com/v1/audio-analysis/2hloaUoRonYssMuqLCBLTX,216893,4
0.799,0.682,5,-5.973,0,0.128,0.242,0.272,0.143,0.538,140.052,audio_features,23uUytja1B1mUOOIoygf6u,spotify:track:23uUytja1B1mUOOIoygf6u,https://api.spotify.com/v1/tracks/23uUytja1B1mUOOIoygf6u,https://api.spotify.com/v1/audio-analysis/23uUytja1B1mUOOIoygf6u,142613,4
0.768,0.506,6,-8.913,1,0.165,0.415,0.0376,0.133,0.862,77.1,audio_features,4rCuwgRRKaIiHlHDc8Bga6,spotify:track:4rCuwgRRKaIiHlHDc8Bga6,https://api.spotify.com/v1/tracks/4rCuwgRRKaIiHlHDc8Bga6,https://api.spotify.com/v1/audio-analysis/4rCuwgRRKaIiHlHDc8Bga6,51914,4
0.675,0.546,4,-7.716,0,0.0511,0.556,0.00441,0.167,0.607,77.415,audio_features,7DswEZZthZ6piQpL25qGAM,spotify:track:7DswEZZthZ6piQpL25qGAM,https://api.spotify.com/v1/tracks/7DswEZZthZ6piQpL25qGAM,https://api.spotify.com/v1/audio-analysis/7DswEZZthZ6piQpL25qGAM,184258,4
0.755,0.687,8,-6.247,0,0.101,0.183,0.000177,0.125,0.381,123.01,audio_features,5PyDJG7SQRgWXefgexqIge,spotify:track:5PyDJG7SQRgWXefgexqIge,https://api.spotify.com/v1/tracks/5PyDJG7SQRgWXefgexqIge,https://api.spotify.com/v1/audio-analysis/5PyDJG7SQRgWXefgexqIge,265360,4
0.559,0.551,5,-7.231,1,0.132,0.141,0,0.11,0.392,143.008,audio_features,4iZ4pt7kvcaH6Yo8UoZ4s2,spotify:track:4iZ4pt7kvcaH6Yo8UoZ4s2,https://api.spotify.com/v1/tracks/4iZ4pt7kvcaH6Yo8UoZ4s2,https://api.spotify.com/v1/audio-analysis/4iZ4pt7kvcaH6Yo8UoZ4s2,201800,4
0.796,0.623,7,-5.819,0,0.0522,0.149,0,0.0746,0.443,98.003,audio_features,0Lmbke3KNVFXtoH2mMSHCw,spotify:track:0Lmbke3KNVFXtoH2mMSHCw,https://api.spotify.com/v1/tracks/0Lmbke3KNVFXtoH2mMSHCw,https://api.spotify.com/v1/audio-analysis/0Lmbke3KNVFXtoH2mMSHCw,173640,4
0.411,0.619,1,-6.834,1,0.0368,0.62,0,0.11,0.337,177.937,audio_features,1bjeWoagtHmUKputLVyDxQ,spotify:track:1bjeWoagtHmUKputLVyDxQ,https://api.spotify.com/v1/tracks/1bjeWoagtHmUKputLVyDxQ,https://api.spotify.com/v1/audio-analysis/1bjeWoagtHmUKputLVyDxQ,186192,4
0.728,0.707,5,-5.09,0,0.0436,0.371,0.00107,0.126,0.802,96.023,audio_features,22PTmk4mzAVi92WiQPAcFp,spotify:track:22PTmk4mzAVi92WiQPAcFp,https://api.spotify.com/v1/tracks/22PTmk4mzAVi92WiQPAcFp,https://api.spotify.com/v1/audio-analysis/22PTmk4mzAVi92WiQPAcFp,302952,4
0.789,0.742,10,-5.664,0,0.0652,0.0681,0,0.166,0.661,116.965,audio_features,5GkQIP5mWPi4KZLLXeuFTT,spotify:track:5GkQIP5mWPi4KZLLXeuFTT,https://api.spotify.com/v1/tracks/5GkQIP5mWPi4KZLLXeuFTT,https://api.spotify.com/v1/audio-analysis/5GkQIP5mWPi4KZLLXeuFTT,167990,4
0.805,0.833,1,-6.73,0,0.12,0.0859,0,0.0578,0.703,109.076,audio_features,7c3SbTuufigBWURcICnAWy,spotify:track:7c3SbTuufigBWURcICnAWy,https://api.spotify.com/v1/tracks/7c3SbTuufigBWURcICnAWy,https://api.spotify.com/v1/audio-analysis/7c3SbTuufigBWURcICnAWy,268400,4
0.545,0.545,9,-7.362,1,0.107,0.667,5.48e-05,0.417,0.549,159.94,audio_features,3xKsf9qdS1CyvXSMEid6g8,spotify:track:3xKsf9qdS1CyvXSMEid6g8,https://api.spotify.com/v1/tracks/3xKsf9qdS1CyvXSMEid6g8,https://api.spotify.com/v1/audio-analysis/3xKsf9qdS1CyvXSMEid6g8,184516,3
0.759,0.413,11,-7.282,0,0.0494,0.7,0,0.14,0.403,115.893,audio_features,4hWgC5BV5M7EtTleKVXNxw,spotify:track:4hWgC5BV5M7EtTleKVXNxw,https://api.spotify.com/v1/tracks/4hWgC5BV5M7EtTleKVXNxw,https://api.spotify.com/v1/audio-analysis/4hWgC5BV5M7EtTleKVXNxw,143667,4
0.527,0.759,6,-6.475,1,0.282,0.0307,0,0.103,0.802,183.279,audio_features,0zg5XJPiga7E5FxiehriG2,spotify:track:0zg5XJPiga7E5FxiehriG2,https://api.spotify.com/v1/tracks/0zg5XJPiga7E5FxiehriG2,https://api.spotify.com/v1/audio-analysis/0zg5XJPiga7E5FxiehriG2,199320,5
0.511,0.472,4,-9.277,1,0.091,0.534,0.614,0.11,0.0399,127.978,audio_features,2MvvoeRt8NcOXWESkxWn3g,spotify:track:2MvvoeRt8NcOXWESkxWn3g,https://api.spotify.com/v1/tracks/2MvvoeRt8NcOXWESkxWn3g,https://api.spotify.com/v1/audio-analysis/2MvvoeRt8NcOXWESkxWn3g,258969,4
0.69,0.578,6,-7.436,1,0.0929,0.167,0,0.305,0.416,99.961,audio_features,3G6hD9B2ZHOsgf4WfNu7X1,spotify:track:3G6hD9B2ZHOsgf4WfNu7X1,https://api.spotify.com/v1/tracks/3G6hD9B2ZHOsgf4WfNu7X1,https://api.spotify.com/v1/audio-analysis/3G6hD9B2ZHOsgf4WfNu7X1,193059,4
0.781,0.548,0,-4.997,0,0.0764,0.229,0,0.127,0.175,106.996,audio_features,7rdUtXasA973gmrr2Xxh3E,spotify:track:7rdUtXasA973gmrr2Xxh3E,https://api.spotify.com/v1/tracks/7rdUtXasA973gmrr2Xxh3E,https://api.spotify.com/v1/audio-analysis/7rdUtXasA973gmrr2Xxh3E,214255,4
0.42,0.837,2,-5.24,1,0.061,0.215,2.96e-05,0.0876,0.196,75.043,audio_features,3QhfFRPkhPCR1RMJWV1gde,spotify:track:3QhfFRPkhPCR1RMJWV1gde,https://api.spotify.com/v1/tracks/3QhfFRPkhPCR1RMJWV1gde,https://api.spotify.com/v1/audio-analysis/3QhfFRPkhPCR1RMJWV1gde,214587,4
0.826,0.67,2,-5.559,1,0.169,0.00798,0,0.495,0.794,74.007,audio_features,6MBEjJlXQYXr8dfxDvZuoA,spotify:track:6MBEjJlXQYXr8dfxDvZuoA,https://api.spotify.com/v1/tracks/6MBEjJlXQYXr8dfxDvZuoA,https://api.spotify.com/v1/audio-analysis/6MBEjJlXQYXr8dfxDvZuoA,226293,4
0.628,0.676,6,-4.227,1,0.0424,0.393,6.94e-05,0.0978,0.723,78.996,audio_features,68HocO7fx9z0MgDU0ZPHro,spotify:track:68HocO7fx9z0MgDU0ZPHro,https://api.spotify.com/v1/tracks/68HocO7fx9z0MgDU0ZPHro,https://api.spotify.com/v1/audio-analysis/68HocO7fx9z0MgDU0ZPHro,215687,4
0.808,0.97,10,-6.098,0,0.0506,0.0569,6.13e-05,0.154,0.868,114.328,audio_features,2gam98EZKrF9XuOkU13ApN,spotify:track:2gam98EZKrF9XuOkU13ApN,https://api.spotify.com/v1/tracks/2gam98EZKrF9XuOkU13ApN,https://api.spotify.com/v1/audio-analysis/2gam98EZKrF9XuOkU13ApN,242293,4
0.635,0.929,2,-3.256,0,0.146,0.0854,1.14e-06,0.0822,0.59,117.039,audio_features,1TWNKyNQOBfNUkWWs7FooF,spotify:track:1TWNKyNQOBfNUkWWs7FooF,https://api.spotify.com/v1/tracks/1TWNKyNQOBfNUkWWs7FooF,https://api.spotify.com/v1/audio-analysis/1TWNKyNQOBfNUkWWs7FooF,201060,4
0.589,0.655,8,-8.138,1,0.0488,0.057,0.000353,0.372,0.675,105.272,audio_features,4v5kAh2wWyCSuKuhMJK8u6,spotify:track:4v5kAh2wWyCSuKuhMJK8u6,https://api.spotify.com/v1/tracks/4v5kAh2wWyCSuKuhMJK8u6,https://api.spotify.com/v1/audio-analysis/4v5kAh2wWyCSuKuhMJK8u6,220640,4
0.791,0.448,6,-7.4,0,0.147,0.313,0.0184,0.128,0.437,150.008,audio_features,2YyNFk4HBKXrqgsvPDNJtO,spotify:track:2YyNFk4HBKXrqgsvPDNJtO,https://api.spotify.com/v1/tracks/2YyNFk4HBKXrqgsvPDNJtO,https://api.spotify.com/v1/audio-analysis/2YyNFk4HBKXrqgsvPDNJtO,188987,4
0.563,0.75,11,-4.496,1,0.127,0.113,0,0.0788,0.812,173.906,audio_features,60jzFy6Nn4M0iD1d94oteF,spotify:track:60jzFy6Nn4M0iD1d94oteF,https://api.spotify.com/v1/tracks/60jzFy6Nn4M0iD1d94oteF,https://api.spotify.com/v1/audio-analysis/60jzFy6Nn4M0iD1d94oteF,222920,4
0.769,0.684,1,-5.019,1,0.0411,0.0105,0.000125,0.0887,0.835,127.972,audio_features,7ySUcLPVX7KudhnmNcgY2D,spotify:track:7ySUcLPVX7KudhnmNcgY2D,https://api.spotify.com/v1/tracks/7ySUcLPVX7KudhnmNcgY2D,https://api.spotify.com/v1/audio-analysis/7ySUcLPVX7KudhnmNcgY2D,243600,4
0.742,0.595,9,-7.51,1,0.107,0.15,0,0.111,0.431,101.013,audio_features,3jVtllWS5CFFWLQng8sKsr,spotify:track:3jVtllWS5CFFWLQng8sKsr,https://api.spotify.com/v1/tracks/3jVtllWS5CFFWLQng8sKsr,https://api.spotify.com/v1/audio-analysis/3jVtllWS5CFFWLQng8sKsr,227000,4
0.747,0.705,9,-5.137,0,0.126,0.0128,0,0.126,0.56,136.024,audio_features,02M6vucOvmRfMxTXDUwRXu,spotify:track:02M6vucOvmRfMxTXDUwRXu,https://api.spotify.com/v1/tracks/02M6vucOvmRfMxTXDUwRXu,https://api.spotify.com/v1/audio-analysis/02M6vucOvmRfMxTXDUwRXu,213507,4
0.743,0.837,5,-7.634,0,0.0633,0.00288,2.86e-05,0.104,0.378,126.023,audio_features,4ZnkygoWLzcGbQYCm3lkae,spotify:track:4ZnkygoWLzcGbQYCm3lkae,https://api.spotify.com/v1/tracks/4ZnkygoWLzcGbQYCm3lkae,https://api.spotify.com/v1/audio-analysis/4ZnkygoWLzcGbQYCm3lkae,156391,4
0.739,0.419,3,-8.241,0,0.0854,0.219,0,0.196,0.58,60.493,audio_features,0725YWm6Z0TpZ6wrNk64Eb,spotify:track:0725YWm6Z0TpZ6wrNk64Eb,https://api.spotify.com/v1/tracks/0725YWm6Z0TpZ6wrNk64Eb,https://api.spotify.com/v1/audio-analysis/0725YWm6Z0TpZ6wrNk64Eb,304760,4
0.461,0.651,1,-8.81,0,0.0568,0.418,1.26e-05,0.782,0.383,121.07,audio_features,4PMqSO5qyjpvzhlLI5GnID,spotify:track:4PMqSO5qyjpvzhlLI5GnID,https://api.spotify.com/v1/tracks/4PMqSO5qyjpvzhlLI5GnID,https://api.spotify.com/v1/audio-analysis/4PMqSO5qyjpvzhlLI5GnID,278480,4
0.692,0.684,6,-7.364,1,0.155,0.131,0,0.156,0.406,112.912,audio_features,2fXwCWkh6YG5zU1IyvQrbs,spotify:track:2fXwCWkh6YG5zU1IyvQrbs,https://api.spotify.com/v1/tracks/2fXwCWkh6YG5zU1IyvQrbs,https://api.spotify.com/v1/audio-analysis/2fXwCWkh6YG5zU1IyvQrbs,231253,4
0.4,0.366,8,-9.405,0,0.0597,0.242,0,0.126,0.161,73.313,audio_features,6gU9OKjOE7ghfEd55oRO57,spotify:track:6gU9OKjOE7ghfEd55oRO57,https://api.spotify.com/v1/tracks/6gU9OKjOE7ghfEd55oRO57,https://api.spotify.com/v1/audio-analysis/6gU9OKjOE7ghfEd55oRO57,272187,3
0.698,0.546,0,-7.234,0,0.0559,0.425,0.00314,0.16,0.335,145.044,audio_features,2GAhgAjOhEmItWLfgisyOn,spotify:track:2GAhgAjOhEmItWLfgisyOn,https://api.spotify.com/v1/tracks/2GAhgAjOhEmItWLfgisyOn,https://api.spotify.com/v1/audio-analysis/2GAhgAjOhEmItWLfgisyOn,181080,4
0.418,0.441,11,-11.522,0,0.283,0.029,0.0707,0.306,0.172,175.928,audio_features,5hgnY0mVcVetszbb85qeDg,spotify:track:5hgnY0mVcVetszbb85qeDg,https://api.spotify.com/v1/tracks/5hgnY0mVcVetszbb85qeDg,https://api.spotify.com/v1/audio-analysis/5hgnY0mVcVetszbb85qeDg,319467,4
0.684,0.607,11,-8.127,0,0.1,0.0267,0.000307,0.191,0.498,81.001,audio_features,0JXXNGljqupsJaZsgSbMZV,spotify:track:0JXXNGljqupsJaZsgSbMZV,https://api.spotify.com/v1/tracks/0JXXNGljqupsJaZsgSbMZV,https://api.spotify.com/v1/audio-analysis/0JXXNGljqupsJaZsgSbMZV,195373,4
0.595,0.678,9,-5.18,1,0.0335,0.0199,0.00389,0.418,0.259,117.067,audio_features,5fEB6ZmVkg63GZg9qO86jh,spotify:track:5fEB6ZmVkg63GZg9qO86jh,https://api.spotify.com/v1/tracks/5fEB6ZmVkg63GZg9qO86jh,https://api.spotify.com/v1/audio-analysis/5fEB6ZmVkg63GZg9qO86jh,99213,4
0.707,0.618,1,-5.825,0,0.19,0.17,0,0.293,0.517,133.876,audio_features,08SB2OtZkaliju77WYEKxk,spotify:track:08SB2OtZkaliju77WYEKxk,https://api.spotify.com/v1/tracks/08SB2OtZkaliju77WYEKxk,https://api.spotify.com/v1/audio-analysis/08SB2OtZkaliju77WYEKxk,231498,4
0.617,0.378,9,-8.54,1,0.0315,0.428,9.16e-05,0.11,0.22,141.967,audio_features,3XgGQ1wjo5khvq2UImjyNF,spotify:track:3XgGQ1wjo5khvq2UImjyNF,https://api.spotify.com/v1/tracks/3XgGQ1wjo5khvq2UImjyNF,https://api.spotify.com/v1/audio-analysis/3XgGQ1wjo5khvq2UImjyNF,216063,4
0.698,0.633,8,-4.946,1,0.0597,0.0605,0.000194,0.0926,0.552,96.924,audio_features,3GCdLUSnKSMJhs4Tj6CV3s,spotify:track:3GCdLUSnKSMJhs4Tj6CV3s,https://api.spotify.com/v1/tracks/3GCdLUSnKSMJhs4Tj6CV3s,https://api.spotify.com/v1/audio-analysis/3GCdLUSnKSMJhs4Tj6CV3s,232187,4
0.65,0.555,6,-5.971,0,0.0719,0.502,0,0.104,0.352,103.081,audio_features,23CKxEwKWsLs6LD5poGOLM,spotify:track:23CKxEwKWsLs6LD5poGOLM,https://api.spotify.com/v1/tracks/23CKxEwKWsLs6LD5poGOLM,https://api.spotify.com/v1/audio-analysis/23CKxEwKWsLs6LD5poGOLM,207413,4
0.645,0.58,5,-9.527,0,0.0406,0.22,0,0.0878,0.163,101.733,audio_features,0GROiXm03OrMC5ltXLhGIu,spotify:track:0GROiXm03OrMC5ltXLhGIu,https://api.spotify.com/v1/tracks/0GROiXm03OrMC5ltXLhGIu,https://api.spotify.com/v1/audio-analysis/0GROiXm03OrMC5ltXLhGIu,459660,4
0.541,0.674,1,-7.04,0,0.0841,0.00649,9.76e-05,0.235,0.123,103.139,audio_features,0YsGMHid6sFq5PcToe3JZE,spotify:track:0YsGMHid6sFq5PcToe3JZE,https://api.spotify.com/v1/tracks/0YsGMHid6sFq5PcToe3JZE,https://api.spotify.com/v1/audio-analysis/0YsGMHid6sFq5PcToe3JZE,317293,4
0.707,0.261,9,-10.139,0,0.0784,0.853,0,0.127,0.545,65.038,audio_features,1eIXYZWEfJO3Na2LCCnIJE,spotify:track:1eIXYZWEfJO3Na2LCCnIJE,https://api.spotify.com/v1/tracks/1eIXYZWEfJO3Na2LCCnIJE,https://api.spotify.com/v1/audio-analysis/1eIXYZWEfJO3Na2LCCnIJE,183893,4
0.606,0.544,10,-7.968,0,0.0421,0.0285,4.88e-06,0.152,0.335,90.104,audio_features,1wGpEisE7VmhhSazD8hZ5l,spotify:track:1wGpEisE7VmhhSazD8hZ5l,https://api.spotify.com/v1/tracks/1wGpEisE7VmhhSazD8hZ5l,https://api.spotify.com/v1/audio-analysis/1wGpEisE7VmhhSazD8hZ5l,194009,4
0.8,0.585,10,-7.343,1,0.0924,0.264,0,0.153,0.779,126.058,audio_features,6PGoSes0D9eUDeeAafB2As,spotify:track:6PGoSes0D9eUDeeAafB2As,https://api.spotify.com/v1/tracks/6PGoSes0D9eUDeeAafB2As,https://api.spotify.com/v1/audio-analysis/6PGoSes0D9eUDeeAafB2As,213400,4
0.781,0.569,1,-7.858,1,0.0978,0.0534,0,0.098,0.0739,121.971,audio_features,2x2olWuWXpqjoeE4bO1NFS,spotify:track:2x2olWuWXpqjoeE4bO1NFS,https://api.spotify.com/v1/tracks/2x2olWuWXpqjoeE4bO1NFS,https://api.spotify.com/v1/audio-analysis/2x2olWuWXpqjoeE4bO1NFS,125902,4
0.726,0.353,10,-10.273,1,0.105,0.65,0.002,0.224,0.503,137.66,audio_features,2IlT65thKQQw248mhk2PjQ,spotify:track:2IlT65thKQQw248mhk2PjQ,https://api.spotify.com/v1/tracks/2IlT65thKQQw248mhk2PjQ,https://api.spotify.com/v1/audio-analysis/2IlT65thKQQw248mhk2PjQ,169014,4
0.645,0.534,6,-10.8,0,0.0479,0.157,0,0.0863,0.463,105.02,audio_features,3azJifCSqg9fRij2yKIbWz,spotify:track:3azJifCSqg9fRij2yKIbWz,https://api.spotify.com/v1/tracks/3azJifCSqg9fRij2yKIbWz,https://api.spotify.com/v1/audio-analysis/3azJifCSqg9fRij2yKIbWz,226467,4
0.645,0.729,2,-4.56,1,0.0528,0.0377,0,0.384,0.142,146.01,audio_features,1yeB8MUNeLo9Ek1UEpsyz6,spotify:track:1yeB8MUNeLo9Ek1UEpsyz6,https://api.spotify.com/v1/tracks/1yeB8MUNeLo9Ek1UEpsyz6,https://api.spotify.com/v1/audio-analysis/1yeB8MUNeLo9Ek1UEpsyz6,319192,4
0.658,0.535,9,-8.983,0,0.0573,0.0265,0,0.2,0.419,110.684,audio_features,6SwRhMLwNqEi6alNPVG00n,spotify:track:6SwRhMLwNqEi6alNPVG00n,https://api.spotify.com/v1/tracks/6SwRhMLwNqEi6alNPVG00n,https://api.spotify.com/v1/audio-analysis/6SwRhMLwNqEi6alNPVG00n,227360,4
0.608,0.756,7,-2.675,0,0.176,0.0784,0,0.187,0.55,176.086,audio_features,5BKKy9fIJL5uM9fz1SnqyP,spotify:track:5BKKy9fIJL5uM9fz1SnqyP,https://api.spotify.com/v1/tracks/5BKKy9fIJL5uM9fz1SnqyP,https://api.spotify.com/v1/audio-analysis/5BKKy9fIJL5uM9fz1SnqyP,245507,4
0.795,0.594,0,-6.2,1,0.0748,0.112,0,0.162,0.409,135.002,audio_features,0q75NwOoFiARAVp4EXU4Bs,spotify:track:0q75NwOoFiARAVp4EXU4Bs,https://api.spotify.com/v1/tracks/0q75NwOoFiARAVp4EXU4Bs,https://api.spotify.com/v1/audio-analysis/0q75NwOoFiARAVp4EXU4Bs,275080,4
0.434,0.586,9,-7.612,1,0.138,0.753,0.0144,0.146,0.239,78.259,audio_features,6koKhrBBcExADvWuOgceNZ,spotify:track:6koKhrBBcExADvWuOgceNZ,https://api.spotify.com/v1/tracks/6koKhrBBcExADvWuOgceNZ,https://api.spotify.com/v1/audio-analysis/6koKhrBBcExADvWuOgceNZ,239613,4
0.418,0.724,5,-3.724,1,0.0964,0.213,0,0.112,0.604,78.521,audio_features,0PJIbOdMs3bd5AT8liULMQ,spotify:track:0PJIbOdMs3bd5AT8liULMQ,https://api.spotify.com/v1/tracks/0PJIbOdMs3bd5AT8liULMQ,https://api.spotify.com/v1/audio-analysis/0PJIbOdMs3bd5AT8liULMQ,238320,5
0.701,0.778,2,-5.076,1,0.201,0.125,0,0.0828,0.609,99.956,audio_features,3Ey11v2aiX14s4wBaYbhlp,spotify:track:3Ey11v2aiX14s4wBaYbhlp,https://api.spotify.com/v1/tracks/3Ey11v2aiX14s4wBaYbhlp,https://api.spotify.com/v1/audio-analysis/3Ey11v2aiX14s4wBaYbhlp,199720,4
0.663,0.82,5,-3.244,0,0.0362,0.0339,0,0.0974,0.568,94.019,audio_features,0NoeYUnwpb9R26mpylHcR9,spotify:track:0NoeYUnwpb9R26mpylHcR9,https://api.spotify.com/v1/tracks/0NoeYUnwpb9R26mpylHcR9,https://api.spotify.com/v1/audio-analysis/0NoeYUnwpb9R26mpylHcR9,179867,4
0.673,0.567,7,-10.334,0,0.0322,0.0344,0.00506,0.151,0.497,136.005,audio_features,0QRhtV1MwywpkLTvCdMaWq,spotify:track:0QRhtV1MwywpkLTvCdMaWq,https://api.spotify.com/v1/tracks/0QRhtV1MwywpkLTvCdMaWq,https://api.spotify.com/v1/audio-analysis/0QRhtV1MwywpkLTvCdMaWq,297794,4
0.687,0.617,4,-5.213,1,0.0287,0.0941,1.27e-05,0.0898,0.665,121.079,audio_features,4sNG6zQBmtq7M8aeeKJRMQ,spotify:track:4sNG6zQBmtq7M8aeeKJRMQ,https://api.spotify.com/v1/tracks/4sNG6zQBmtq7M8aeeKJRMQ,https://api.spotify.com/v1/audio-analysis/4sNG6zQBmtq7M8aeeKJRMQ,252307,4
0.533,0.485,5,-7.241,1,0.0287,0.72,0.0164,0.132,0.316,132.611,audio_features,4BIYpulTUkEj3gb0WWb9OV,spotify:track:4BIYpulTUkEj3gb0WWb9OV,https://api.spotify.com/v1/tracks/4BIYpulTUkEj3gb0WWb9OV,https://api.spotify.com/v1/audio-analysis/4BIYpulTUkEj3gb0WWb9OV,169982,4
0.696,0.65,4,-5.712,0,0.0326,0.00666,0.153,0.14,0.587,91.997,audio_features,4NFD9ea0uH0MtoC30yNYE1,spotify:track:4NFD9ea0uH0MtoC30yNYE1,https://api.spotify.com/v1/tracks/4NFD9ea0uH0MtoC30yNYE1,https://api.spotify.com/v1/audio-analysis/4NFD9ea0uH0MtoC30yNYE1,215387,4
0.658,0.505,9,-6.947,1,0.105,0.537,0,0.113,0.331,159.947,audio_features,3RwWW7KeVhHGayYJgUL5eZ,spotify:track:3RwWW7KeVhHGayYJgUL5eZ,https://api.spotify.com/v1/tracks/3RwWW7KeVhHGayYJgUL5eZ,https://api.spotify.com/v1/audio-analysis/3RwWW7KeVhHGayYJgUL5eZ,210200,4
0.868,0.483,0,-6.701,0,0.0571,0.0991,0.00147,0.129,0.409,105.977,audio_features,35M4ui3RQ1MsIEL9qGJMbj,spotify:track:35M4ui3RQ1MsIEL9qGJMbj,https://api.spotify.com/v1/tracks/35M4ui3RQ1MsIEL9qGJMbj,https://api.spotify.com/v1/audio-analysis/35M4ui3RQ1MsIEL9qGJMbj,230933,4
0.411,0.619,1,-6.834,1,0.0368,0.62,0,0.11,0.337,177.937,audio_features,1bjeWoagtHmUKputLVyDxQ,spotify:track:1bjeWoagtHmUKputLVyDxQ,https://api.spotify.com/v1/tracks/1bjeWoagtHmUKputLVyDxQ,https://api.spotify.com/v1/audio-analysis/1bjeWoagtHmUKputLVyDxQ,186192,4
0.871,0.701,5,-5.594,0,0.0458,0.257,7.52e-06,0.0589,0.716,126.975,audio_features,5r5cp9IpziiIsR6b93vcnQ,spotify:track:5r5cp9IpziiIsR6b93vcnQ,https://api.spotify.com/v1/tracks/5r5cp9IpziiIsR6b93vcnQ,https://api.spotify.com/v1/audio-analysis/5r5cp9IpziiIsR6b93vcnQ,198440,4
0.372,0.632,10,-7.027,0,0.0721,0.0726,0.00475,0.0986,0.571,101.972,audio_features,6FjFcwc5GE8ONvInstIM84,spotify:track:6FjFcwc5GE8ONvInstIM84,https://api.spotify.com/v1/tracks/6FjFcwc5GE8ONvInstIM84,https://api.spotify.com/v1/audio-analysis/6FjFcwc5GE8ONvInstIM84,191890,4
0.799,0.675,1,-5.474,1,0.0465,0.115,0,0.0833,0.594,113.076,audio_features,4lR8sYGMGZPvthF2yUfo7T,spotify:track:4lR8sYGMGZPvthF2yUfo7T,https://api.spotify.com/v1/tracks/4lR8sYGMGZPvthF2yUfo7T,https://api.spotify.com/v1/audio-analysis/4lR8sYGMGZPvthF2yUfo7T,166384,4
0.526,0.877,3,-4.369,0,0.033,0.172,0.0108,0.223,0.436,145.568,audio_features,1XrSjpNe49IiygZfzb74pk,spotify:track:1XrSjpNe49IiygZfzb74pk,https://api.spotify.com/v1/tracks/1XrSjpNe49IiygZfzb74pk,https://api.spotify.com/v1/audio-analysis/1XrSjpNe49IiygZfzb74pk,255067,3
0.802,0.463,8,-8.379,1,0.162,0.236,0.00531,0.105,0.291,103.961,audio_features,39NDBdU5Xkm5pCFGa5kZtI,spotify:track:39NDBdU5Xkm5pCFGa5kZtI,https://api.spotify.com/v1/tracks/39NDBdU5Xkm5pCFGa5kZtI,https://api.spotify.com/v1/audio-analysis/39NDBdU5Xkm5pCFGa5kZtI,287040,4
0.545,0.768,4,-5.249,0,0.269,0.46,0,0.118,0.557,115.052,audio_features,1pJsmr01tzKnFfjeCvzcdc,spotify:track:1pJsmr01tzKnFfjeCvzcdc,https://api.spotify.com/v1/tracks/1pJsmr01tzKnFfjeCvzcdc,https://api.spotify.com/v1/audio-analysis/1pJsmr01tzKnFfjeCvzcdc,219130,4
0.853,0.604,3,-5.794,0,0.0511,0.0696,1.65e-06,0.135,0.86,116.0,audio_features,54IbnYEdA3ymfxv07WgN3b,spotify:track:54IbnYEdA3ymfxv07WgN3b,https://api.spotify.com/v1/tracks/54IbnYEdA3ymfxv07WgN3b,https://api.spotify.com/v1/audio-analysis/54IbnYEdA3ymfxv07WgN3b,186181,4
0.836,0.739,1,-5.297,0,0.116,0.0381,6.68e-06,0.0589,0.716,110.994,audio_features,4gsvdNgrwEKWkKAwsrfGVH,spotify:track:4gsvdNgrwEKWkKAwsrfGVH,https://api.spotify.com/v1/tracks/4gsvdNgrwEKWkKAwsrfGVH,https://api.spotify.com/v1/audio-analysis/4gsvdNgrwEKWkKAwsrfGVH,244049,4
0.582,0.67,11,-6.69,1,0.0483,0.00125,0.000669,0.105,0.37,109.993,audio_features,6wcRv0UBvEH9NCIA3IVyQs,spotify:track:6wcRv0UBvEH9NCIA3IVyQs,https://api.spotify.com/v1/tracks/6wcRv0UBvEH9NCIA3IVyQs,https://api.spotify.com/v1/audio-analysis/6wcRv0UBvEH9NCIA3IVyQs,258227,4
0.528,0.708,7,-5.879,0,0.207,0.264,0,0.308,0.781,97.8,audio_features,4KjnaUNYPwGnJjoeTFlt91,spotify:track:4KjnaUNYPwGnJjoeTFlt91,https://api.spotify.com/v1/tracks/4KjnaUNYPwGnJjoeTFlt91,https://api.spotify.com/v1/audio-analysis/4KjnaUNYPwGnJjoeTFlt91,256013,4
0.658,0.499,6,-8.906,1,0.116,0.161,0,0.118,0.633,109.893,audio_features,5JPgWqbVPYZT2k2Gjznl7N,spotify:track:5JPgWqbVPYZT2k2Gjznl7N,https://api.spotify.com/v1/tracks/5JPgWqbVPYZT2k2Gjznl7N,https://api.spotify.com/v1/audio-analysis/5JPgWqbVPYZT2k2Gjznl7N,204290,5
0.912,0.448,9,-5.501,1,0.0445,0.491,0.000293,0.0781,0.744,108.964,audio_features,0zgDfVY84eFIzgTvK9KutN,spotify:track:0zgDfVY84eFIzgTvK9KutN,https://api.spotify.com/v1/tracks/0zgDfVY84eFIzgTvK9KutN,https://api.spotify.com/v1/audio-analysis/0zgDfVY84eFIzgTvK9KutN,171107,4
0.795,0.596,11,-3.799,0,0.219,0.103,0,0.164,0.357,101.985,audio_features,6vt0I1cw1YmAIKDJvHVIM5,spotify:track:6vt0I1cw1YmAIKDJvHVIM5,https://api.spotify.com/v1/tracks/6vt0I1cw1YmAIKDJvHVIM5,https://api.spotify.com/v1/audio-analysis/6vt0I1cw1YmAIKDJvHVIM5,326280,4
0.412,0.77,11,-6.057,0,0.18,0.462,1.5e-06,0.0485,0.418,101.955,audio_features,3oXNIpoUMdk8qGkwCeXqGv,spotify:track:3oXNIpoUMdk8qGkwCeXqGv,https://api.spotify.com/v1/tracks/3oXNIpoUMdk8qGkwCeXqGv,https://api.spotify.com/v1/audio-analysis/3oXNIpoUMdk8qGkwCeXqGv,254493,3
0.734,0.497,8,-9.666,1,0.166,0.67,2.35e-05,0.194,0.307,127.989,audio_features,496vIKS2INz840xZaKncvR,spotify:track:496vIKS2INz840xZaKncvR,https://api.spotify.com/v1/tracks/496vIKS2INz840xZaKncvR,https://api.spotify.com/v1/audio-analysis/496vIKS2INz840xZaKncvR,161829,3
0.636,0.826,11,-4.668,1,0.161,0.632,0,0.197,0.677,87.665,audio_features,34ClgyHf8Awds1ew9vMX26,spotify:track:34ClgyHf8Awds1ew9vMX26,https://api.spotify.com/v1/tracks/34ClgyHf8Awds1ew9vMX26,https://api.spotify.com/v1/audio-analysis/34ClgyHf8Awds1ew9vMX26,190200,4
0.671,0.714,7,-5.373,1,0.21,0.0844,1.48e-06,0.0568,0.477,105.137,audio_features,27356GVuMPFWiJSZCragoM,spotify:track:27356GVuMPFWiJSZCragoM,https://api.spotify.com/v1/tracks/27356GVuMPFWiJSZCragoM,https://api.spotify.com/v1/audio-analysis/27356GVuMPFWiJSZCragoM,140693,3
0.725,0.668,5,-7.286,0,0.055,0.0932,2.33e-06,0.112,0.566,82.966,audio_features,35Dh5MnCUPLN3XyAVtQff3,spotify:track:35Dh5MnCUPLN3XyAVtQff3,https://api.spotify.com/v1/tracks/35Dh5MnCUPLN3XyAVtQff3,https://api.spotify.com/v1/audio-analysis/35Dh5MnCUPLN3XyAVtQff3,176787,4
0.666,0.78,7,-5.177,1,0.0404,0.044,0,0.128,0.795,90.004,audio_features,7MapZTlRqFfUteNcghsTwf,spotify:track:7MapZTlRqFfUteNcghsTwf,https://api.spotify.com/v1/tracks/7MapZTlRqFfUteNcghsTwf,https://api.spotify.com/v1/audio-analysis/7MapZTlRqFfUteNcghsTwf,190480,4
0.82,0.711,4,-3.641,0,0.101,0.0272,0.000877,0.08,0.936,94.995,audio_features,3T59S3Vh3DOatsmTD8clqP,spotify:track:3T59S3Vh3DOatsmTD8clqP,https://api.spotify.com/v1/tracks/3T59S3Vh3DOatsmTD8clqP,https://api.spotify.com/v1/audio-analysis/3T59S3Vh3DOatsmTD8clqP,308440,4
0.624,0.654,8,-6.582,0,0.183,0.577,0,0.104,0.564,73.898,audio_features,7Lf7oSEVdzZqTA0kEDSlS5,spotify:track:7Lf7oSEVdzZqTA0kEDSlS5,https://api.spotify.com/v1/tracks/7Lf7oSEVdzZqTA0kEDSlS5,https://api.spotify.com/v1/audio-analysis/7Lf7oSEVdzZqTA0kEDSlS5,288333,4
0.742,0.553,8,-8.98,1,0.419,0.389,0,0.0694,0.508,84.931,audio_features,2hwOoMtWPtTSSn6WHV7Vp5,spotify:track:2hwOoMtWPtTSSn6WHV7Vp5,https://api.spotify.com/v1/tracks/2hwOoMtWPtTSSn6WHV7Vp5,https://api.spotify.com/v1/audio-analysis/2hwOoMtWPtTSSn6WHV7Vp5,209440,4
0.664,0.691,7,-8.451,1,0.194,0.0888,0.000592,0.174,0.637,80.001,audio_features,6fT7QIf55thVWCZyEnaHk0,spotify:track:6fT7QIf55thVWCZyEnaHk0,https://api.spotify.com/v1/tracks/6fT7QIf55thVWCZyEnaHk0,https://api.spotify.com/v1/audio-analysis/6fT7QIf55thVWCZyEnaHk0,220208,4
0.608,0.651,5,-6.954,0,0.0376,0.0631,0.00111,0.151,0.252,89.097,audio_features,3J5fFQ0PxfKQU5putEvUoM,spotify:track:3J5fFQ0PxfKQU5putEvUoM,https://api.spotify.com/v1/tracks/3J5fFQ0PxfKQU5putEvUoM,https://api.spotify.com/v1/audio-analysis/3J5fFQ0PxfKQU5putEvUoM,191973,4
0.784,0.554,7,-6.417,1,0.03,0.00548,0.254,0.0995,0.634,104.01,audio_features,4riDfclV7kPDT9D58FpmHd,spotify:track:4riDfclV7kPDT9D58FpmHd,https://api.spotify.com/v1/tracks/4riDfclV7kPDT9D58FpmHd,https://api.spotify.com/v1/audio-analysis/4riDfclV7kPDT9D58FpmHd,118393,4
0.774,0.508,9,-7.897,0,0.0732,0.0101,6.54e-05,0.0539,0.45,80.13,audio_features,1BSZGNpIm2nBt1hWSK2bRp,spotify:track:1BSZGNpIm2nBt1hWSK2bRp,https://api.spotify.com/v1/tracks/1BSZGNpIm2nBt1hWSK2bRp,https://api.spotify.com/v1/audio-analysis/1BSZGNpIm2nBt1hWSK2bRp,98250,4
0.821,0.412,7,-7.795,1,0.0341,0.625,1.64e-05,0.0985,0.333,109.977,audio_features,0GGfGINoVYiSFXPOjg3RHj,spotify:track:0GGfGINoVYiSFXPOjg3RHj,https://api.spotify.com/v1/tracks/0GGfGINoVYiSFXPOjg3RHj,https://api.spotify.com/v1/audio-analysis/0GGfGINoVYiSFXPOjg3RHj,209454,4
0.705,0.432,4,-9.7,1,0.205,0.381,0.133,0.0841,0.599,168.005,audio_features,2gjidmxtA1pyj2HYrdOTG1,spotify:track:2gjidmxtA1pyj2HYrdOTG1,https://api.spotify.com/v1/tracks/2gjidmxtA1pyj2HYrdOTG1,https://api.spotify.com/v1/audio-analysis/2gjidmxtA1pyj2HYrdOTG1,212787,4
0.831,0.921,5,-2.383,0,0.0582,0.153,0.00224,0.305,0.795,108.002,audio_features,4jnFqNWeJCeCRHc4HCdxfd,spotify:track:4jnFqNWeJCeCRHc4HCdxfd,https://api.spotify.com/v1/tracks/4jnFqNWeJCeCRHc4HCdxfd,https://api.spotify.com/v1/audio-analysis/4jnFqNWeJCeCRHc4HCdxfd,239227,4
0.775,0.534,2,-6.971,1,0.0373,0.291,0.000337,0.139,0.631,96.026,audio_features,4EaEIrg1n2qbStwD5xhkSl,spotify:track:4EaEIrg1n2qbStwD5xhkSl,https://api.spotify.com/v1/tracks/4EaEIrg1n2qbStwD5xhkSl,https://api.spotify.com/v1/audio-analysis/4EaEIrg1n2qbStwD5xhkSl,213381,4
0.738,0.661,8,-7.006,1,0.0566,0.0059,3.8e-06,0.149,0.443,100.071,audio_features,7dI2aYLZuGZYLcxVOtL3pq,spotify:track:7dI2aYLZuGZYLcxVOtL3pq,https://api.spotify.com/v1/tracks/7dI2aYLZuGZYLcxVOtL3pq,https://api.spotify.com/v1/audio-analysis/7dI2aYLZuGZYLcxVOtL3pq,190915,4
0.819,0.596,7,-7.697,0,0.123,0.0302,4.59e-06,0.102,0.473,108.204,audio_features,70pZIQqQ37SrNCADx0FiPN,spotify:track:70pZIQqQ37SrNCADx0FiPN,https://api.spotify.com/v1/tracks/70pZIQqQ37SrNCADx0FiPN,https://api.spotify.com/v1/audio-analysis/70pZIQqQ37SrNCADx0FiPN,208395,4
0.461,0.779,3,-6.756,0,0.0834,0.0731,0.00115,0.109,0.763,162.031,audio_features,2FeADxLaweWn04ktlPCxUt,spotify:track:2FeADxLaweWn04ktlPCxUt,https://api.spotify.com/v1/tracks/2FeADxLaweWn04ktlPCxUt,https://api.spotify.com/v1/audio-analysis/2FeADxLaweWn04ktlPCxUt,275600,4
0.686,0.526,0,-6.842,1,0.0374,0.0815,7.75e-06,0.144,0.372,92.013,audio_features,6u7gmPOz7pzzaeR9xSBpsR,spotify:track:6u7gmPOz7pzzaeR9xSBpsR,https://api.spotify.com/v1/tracks/6u7gmPOz7pzzaeR9xSBpsR,https://api.spotify.com/v1/audio-analysis/6u7gmPOz7pzzaeR9xSBpsR,158436,4
0.817,0.806,6,-4.606,1,0.0623,0.027,9e-06,0.119,0.805,110.086,audio_features,5zdUc1JRCImBYcDWgvFNpE,spotify:track:5zdUc1JRCImBYcDWgvFNpE,https://api.spotify.com/v1/tracks/5zdUc1JRCImBYcDWgvFNpE,https://api.spotify.com/v1/audio-analysis/5zdUc1JRCImBYcDWgvFNpE,224640,4
